﻿
<DynamicTemplateString>
	<StringID>com.fmi.basedirectory.2A13E506E82F58A853652C8F0AFD7E5C</StringID>
	<SourceText>AddonName/</SourceText>
	<TargetText>AddonName/</TargetText>
	<Comment>com.fmi.basedirectory.AddonName/</Comment>
</DynamicTemplateString>

<DynamicTemplateString>
	<StringID>com.fmi.basetable.097FC4DD127B8C1CFFDBAB09A8F473BA</StringID>
	<SourceText>ColorPicker</SourceText>
	<TargetText>ColorPicker</TargetText>
	<Comment>com.fmi.basetable.ColorPicker</Comment>
</DynamicTemplateString>

<DynamicTemplateString>
	<StringID>com.fmi.basetable.33E231D0111233783CD0415E04C76ED4</StringID>
	<SourceText>ColorPickerSampleData</SourceText>
	<TargetText>ColorPickerSampleData</TargetText>
	<Comment>com.fmi.basetable.ColorPickerSampleData</Comment>
</DynamicTemplateString>

<DynamicTemplateString>
	<StringID>com.fmi.basetable.field.ColorPicker::255E5CDF922BD8EF4F8C0698BA86CB5A</StringID>
	<SourceText>OriginalTable</SourceText>
	<TargetText>OriginalTable</TargetText>
	<Comment>com.fmi.basetable.field.ColorPicker::OriginalTable</Comment>
</DynamicTemplateString>

<DynamicTemplateString>
	<StringID>com.fmi.basetable.field.ColorPicker::52CC9BEE09B67236DDFEEE8DDD62BBB4</StringID>
	<SourceText>ConfigStore</SourceText>
	<TargetText>ConfigStore</TargetText>
	<Comment>com.fmi.basetable.field.ColorPicker::ConfigStore</Comment>
</DynamicTemplateString>

<DynamicTemplateString>
	<StringID>com.fmi.basetable.field.ColorPicker::B95E8CCBA80A566434C0DC97F6975AB1</StringID>
	<SourceText>OriginalLayout</SourceText>
	<TargetText>OriginalLayout</TargetText>
	<Comment>com.fmi.basetable.field.ColorPicker::OriginalLayout</Comment>
</DynamicTemplateString>

<DynamicTemplateString>
	<StringID>com.fmi.basetable.field.ColorPicker::BFF0409D432F08090779386BC56FE6BD</StringID>
	<SourceText>CurrentAddonUUID</SourceText>
	<TargetText>CurrentAddonUUID</TargetText>
	<Comment>com.fmi.basetable.field.ColorPicker::CurrentAddonUUID</Comment>
</DynamicTemplateString>

<DynamicTemplateString>
	<StringID>com.fmi.basetable.field.ColorPicker::CEF66026AC6A040A2A2F2DCC712C456B</StringID>
	<SourceText>HTML</SourceText>
	<TargetText>HTML</TargetText>
	<Comment>com.fmi.basetable.field.ColorPicker::HTML</Comment>
</DynamicTemplateString>

<DynamicTemplateString>
	<StringID>com.fmi.basetable.field.ColorPicker::text.26A1F8D3A9303D304493E04A6908D82E</StringID>
	<SourceText>This is the layout that the Addon being configurated came from</SourceText>
	<TargetText>This is the layout that the Addon being configurated came from</TargetText>
	<Comment>com.fmi.basetable.field.ColorPicker::text.This is the layout that the Addon being configurated came from</Comment>
</DynamicTemplateString>

<DynamicTemplateString>
	<StringID>com.fmi.basetable.field.ColorPicker::text.F428FED71AB53E717FE4BC356F87F635</StringID>
	<SourceText>This is the TO of layout that the Addon being configurated came from</SourceText>
	<TargetText>This is the TO of layout that the Addon being configurated came from</TargetText>
	<Comment>com.fmi.basetable.field.ColorPicker::text.This is the TO of layout that the Addon being configurated came from</Comment>
</DynamicTemplateString>

<DynamicTemplateString>
	<StringID>com.fmi.basetable.field.ColorPickerSampleData::592C302E6D5E0A59046214781502EDBB</StringID>
	<SourceText>Name</SourceText>
	<TargetText>Name</TargetText>
	<Comment>com.fmi.basetable.field.ColorPickerSampleData::Name</Comment>
</DynamicTemplateString>

<DynamicTemplateString>
	<StringID>com.fmi.basetable.field.ColorPickerSampleData::76C4D1087E6796EF70CE7A2F1901C476</StringID>
	<SourceText>PrimaryKey</SourceText>
	<TargetText>PrimaryKey</TargetText>
	<Comment>com.fmi.basetable.field.ColorPickerSampleData::PrimaryKey</Comment>
</DynamicTemplateString>

<DynamicTemplateString>
	<StringID>com.fmi.basetable.field.ColorPickerSampleData::text.ABEEF7BAB93FF174F8DA0C82D8754F7A</StringID>
	<SourceText>Unique identifier of each record in this table</SourceText>
	<TargetText>Unique identifier of each record in this table</TargetText>
	<Comment>com.fmi.basetable.field.ColorPickerSampleData::text.Unique identifier of each record in this table</Comment>
</DynamicTemplateString>

<DynamicTemplateString>
	<StringID>com.fmi.calculation.text.01B9295D7912D4080F14B7297573D348</StringID>
	<SourceText>timeStamp</SourceText>
	<TargetText>timeStamp</TargetText>
	<Comment>com.fmi.calculation.text.timeStamp</Comment>
</DynamicTemplateString>

<DynamicTemplateString>
	<StringID>com.fmi.calculation.text.02325B775A70D7D24962CF511195F157</StringID>
	<SourceText>Meta.Config.DisplayLayout.value</SourceText>
	<TargetText>Meta.Config.DisplayLayout.value</TargetText>
	<Comment>com.fmi.calculation.text.Meta.Config.DisplayLayout.value</Comment>
</DynamicTemplateString>

<DynamicTemplateString>
	<StringID>com.fmi.calculation.text.05439AD75FA697643C4C048A10DB5B39</StringID>
	<SourceText>DisplayLayout.value</SourceText>
	<TargetText>DisplayLayout.value</TargetText>
	<Comment>com.fmi.calculation.text.DisplayLayout.value</Comment>
</DynamicTemplateString>

<DynamicTemplateString>
	<StringID>com.fmi.calculation.text.080CD7158FB2ADB66A9593A8013A4A23</StringID>
	<SourceText>ColorMode.options</SourceText>
	<TargetText>ColorMode.options</TargetText>
	<Comment>com.fmi.calculation.text.ColorMode.options</Comment>
</DynamicTemplateString>

<DynamicTemplateString>
	<StringID>com.fmi.calculation.text.0B032EA274CDC897AE608670698E2A1B</StringID>
	<SourceText>Callback</SourceText>
	<TargetText>Callback</TargetText>
	<Comment>com.fmi.calculation.text.Callback</Comment>
</DynamicTemplateString>

<DynamicTemplateString>
	<StringID>com.fmi.calculation.text.12862A6A47F57C8D892FA823ADF7127F</StringID>
	<SourceText>FINAL RESULT<CR/></SourceText>
	<TargetText>FINAL RESULT<CR/></TargetText>
	<Comment>com.fmi.calculation.text.FINAL RESULT_CR/_</Comment>
</DynamicTemplateString>

<DynamicTemplateString>
	<StringID>com.fmi.calculation.text.147A090A8B0BE25E92A7995E7389FBF6</StringID>
	<SourceText>DisplayLayout.options</SourceText>
	<TargetText>DisplayLayout.options</TargetText>
	<Comment>com.fmi.calculation.text.DisplayLayout.options</Comment>
</DynamicTemplateString>

<DynamicTemplateString>
	<StringID>com.fmi.calculation.text.163F32BC409511D618D418234770C0CD</StringID>
	<SourceText> CONDITION as long as n is less than c<CR/></SourceText>
	<TargetText> CONDITION as long as n is less than c<CR/></TargetText>
	<Comment>com.fmi.calculation.text. CONDITION as long as n is less than c_CR/_</Comment>
</DynamicTemplateString>

<DynamicTemplateString>
	<StringID>com.fmi.calculation.text.167C834A6AAC37059CC6657A877A76FB</StringID>
	<SourceText>Meta.Application.Language</SourceText>
	<TargetText>Meta.Application.Language</TargetText>
	<Comment>com.fmi.calculation.text.Meta.Application.Language</Comment>
</DynamicTemplateString>

<DynamicTemplateString>
	<StringID>com.fmi.calculation.text.17F2AC32A0777B0C9F9C8EC5B49382C3</StringID>
	<SourceText>FetchId</SourceText>
	<TargetText>FetchId</TargetText>
	<Comment>com.fmi.calculation.text.FetchId</Comment>
</DynamicTemplateString>

<DynamicTemplateString>
	<StringID>com.fmi.calculation.text.1BBF528E309BBAC50D2B4B6FD79DA18E</StringID>
	<SourceText>cancel</SourceText>
	<TargetText>cancel</TargetText>
	<Comment>com.fmi.calculation.text.cancel</Comment>
</DynamicTemplateString>

<DynamicTemplateString>
	<StringID>com.fmi.calculation.text.20C5194E7E113FEA9D985F5473610003</StringID>
	<SourceText>ColorMode</SourceText>
	<TargetText>ColorMode</TargetText>
	<Comment>com.fmi.calculation.text.ColorMode</Comment>
</DynamicTemplateString>

<DynamicTemplateString>
	<StringID>com.fmi.calculation.text.22BF6CD6AF8310A8F54A5EAD58067F84</StringID>
	<SourceText>date</SourceText>
	<TargetText>date</TargetText>
	<Comment>com.fmi.calculation.text.date</Comment>
</DynamicTemplateString>

<DynamicTemplateString>
	<StringID>com.fmi.calculation.text.23D4BBAA8043BD45E0349EF70E5C0318</StringID>
	<SourceText>layouts</SourceText>
	<TargetText>layouts</TargetText>
	<Comment>com.fmi.calculation.text.layouts</Comment>
</DynamicTemplateString>

<DynamicTemplateString>
	<StringID>com.fmi.calculation.text.24C45144F6DC05B894A30F96ED0EF0AF</StringID>
	<SourceText>all</SourceText>
	<TargetText>all</TargetText>
	<Comment>com.fmi.calculation.text.all</Comment>
</DynamicTemplateString>

<DynamicTemplateString>
	<StringID>com.fmi.calculation.text.270628AB0D80EE428B35DFE9E89AAFF7</StringID>
	<SourceText>.</SourceText>
	<TargetText>.</TargetText>
	<Comment>com.fmi.calculation.text..</Comment>
</DynamicTemplateString>

<DynamicTemplateString>
	<StringID>com.fmi.calculation.text.2EA79708F4E6472E399BFFF513EBA5B6</StringID>
	<SourceText>data:text/html, &lt;html&gt;&lt;/html&gt;</SourceText>
	<TargetText>data:text/html, &lt;html&gt;&lt;/html&gt;</TargetText>
	<Comment>com.fmi.calculation.text.data:text/html, &lt;html&gt;&lt;/html&gt;</Comment>
</DynamicTemplateString>

<DynamicTemplateString>
	<StringID>com.fmi.calculation.text.3021124B2147B644F3E25FFCB4398C67</StringID>
	<SourceText>FROM </SourceText>
	<TargetText>FROM </TargetText>
	<Comment>com.fmi.calculation.text.FROM</Comment>
</DynamicTemplateString>

<DynamicTemplateString>
	<StringID>com.fmi.calculation.text.30DAE1FC888B168E781553D9538D2886</StringID>
	<SourceText>.ColorMode.value</SourceText>
	<TargetText>.ColorMode.value</TargetText>
	<Comment>com.fmi.calculation.text..ColorMode.value</Comment>
</DynamicTemplateString>

<DynamicTemplateString>
	<StringID>com.fmi.calculation.text.31977A9FC51A20D32283895D5A666A64</StringID>
	<SourceText>*<CR/>*<CR/>* This function is responsible for building the Addon&apos;s Data URL<CR/>* and merging with the initialProps.<CR/>*<CR/>* @param {object} intialProps = this is the object thaat will get merged into the HTML<CR/>*<CR/>* @returns {string} the data url<CR/>*<CR/></SourceText>
	<TargetText>*<CR/>*<CR/>* This function is responsible for building the Addon&apos;s Data URL<CR/>* and merging with the initialProps.<CR/>*<CR/>* @param {object} intialProps = this is the object thaat will get merged into the HTML<CR/>*<CR/>* @returns {string} the data url<CR/>*<CR/></TargetText>
	<Comment>com.fmi.calculation.text.*_CR/_*_CR/_* This function is responsible for building the Addon&apos;s Data URL_CR/_* and merging with the initialProps._CR/_*_CR/_* @param {object} intialProps = this is the object thaat will get merged into the HTML_CR/_*_CR/_* @returns {string} the data url_CR/_*_CR/_</Comment>
</DynamicTemplateString>

<DynamicTemplateString>
	<StringID>com.fmi.calculation.text.361C2FF049AEF36A34BE213F8E50D0DA</StringID>
	<SourceText>config</SourceText>
	<TargetText>config</TargetText>
	<Comment>com.fmi.calculation.text.config</Comment>
</DynamicTemplateString>

<DynamicTemplateString>
	<StringID>com.fmi.calculation.text.361FAE513FCB82415C2D9CF05D691C21</StringID>
	<SourceText>\&quot;__PROPS__\&quot;</SourceText>
	<TargetText>\&quot;__PROPS__\&quot;</TargetText>
	<Comment>com.fmi.calculation.text.\&quot;__PROPS__\&quot;</Comment>
</DynamicTemplateString>

<DynamicTemplateString>
	<StringID>com.fmi.calculation.text.36A20EA0E763F8505CEF45EEE72B2C01</StringID>
	<SourceText>PrimaryKeyField.options</SourceText>
	<TargetText>PrimaryKeyField.options</TargetText>
	<Comment>com.fmi.calculation.text.PrimaryKeyField.options</Comment>
</DynamicTemplateString>

<DynamicTemplateString>
	<StringID>com.fmi.calculation.text.3814F2A220D065E93AE9EBB463B0B93F</StringID>
	<SourceText>hsl</SourceText>
	<TargetText>hsl</TargetText>
	<Comment>com.fmi.calculation.text.hsl</Comment>
</DynamicTemplateString>

<DynamicTemplateString>
	<StringID>com.fmi.calculation.text.39033F37C403A37576171B33063924A3</StringID>
	<SourceText>[&lt;^FMXML_AddonInstanceUUID&gt;]</SourceText>
	<TargetText>[&lt;^FMXML_AddonInstanceUUID&gt;]</TargetText>
	<Comment>com.fmi.calculation.text.[&lt;^FMXML_AddonInstanceUUID&gt;]</Comment>
</DynamicTemplateString>

<DynamicTemplateString>
	<StringID>com.fmi.calculation.text.3A1111B59F799854A9FCBDEF1DF195DF</StringID>
	<SourceText>Container</SourceText>
	<TargetText>Container</TargetText>
	<Comment>com.fmi.calculation.text.Container</Comment>
</DynamicTemplateString>

<DynamicTemplateString>
	<StringID>com.fmi.calculation.text.3EB57A1D234438F203353DB562943B09</StringID>
	<SourceText>http://localhost:3000</SourceText>
	<TargetText>http://localhost:3000</TargetText>
	<Comment>com.fmi.calculation.text.http://localhost:3000</Comment>
</DynamicTemplateString>

<DynamicTemplateString>
	<StringID>com.fmi.calculation.text.3F24D857CD69367FA099DF07BC13E24C</StringID>
	<SourceText> We want the WV name of the configurator</SourceText>
	<TargetText> We want the WV name of the configurator</TargetText>
	<Comment>com.fmi.calculation.text. We want the WV name of the configurator</Comment>
</DynamicTemplateString>

<DynamicTemplateString>
	<StringID>com.fmi.calculation.text.404FE823AB416FCD8F53C48FB747203A</StringID>
	<SourceText> this is the field that holds the Addon HTML<CR/></SourceText>
	<TargetText> this is the field that holds the Addon HTML<CR/></TargetText>
	<Comment>com.fmi.calculation.text. this is the field that holds the Addon HTML_CR/_</Comment>
</DynamicTemplateString>

<DynamicTemplateString>
	<StringID>com.fmi.calculation.text.40758DF3F26C70482306DBBB6B5BF7E1</StringID>
	<SourceText> ---Optional---<CR/></SourceText>
	<TargetText> ---Optional---<CR/></TargetText>
	<Comment>com.fmi.calculation.text. ---Optional---_CR/_</Comment>
</DynamicTemplateString>

<DynamicTemplateString>
	<StringID>com.fmi.calculation.text.4440848114A821A01AF147D2B6CBE4D2</StringID>
	<SourceText>data:text/html,&lt;html&gt;loading&lt;/html&gt;</SourceText>
	<TargetText>data:text/html,&lt;html&gt;loading&lt;/html&gt;</TargetText>
	<Comment>com.fmi.calculation.text.data:text/html,&lt;html&gt;loading&lt;/html&gt;</Comment>
</DynamicTemplateString>

<DynamicTemplateString>
	<StringID>com.fmi.calculation.text.469F4DDEC8DBFEEC078EED6C7A99EAAD</StringID>
	<SourceText>TimeStamp</SourceText>
	<TargetText>TimeStamp</TargetText>
	<Comment>com.fmi.calculation.text.TimeStamp</Comment>
</DynamicTemplateString>

<DynamicTemplateString>
	<StringID>com.fmi.calculation.text.47B3593A183A448A90437004BC646571</StringID>
	<SourceText>You are about to upload a new verison of the inlined HTML to this Addon. Do you want to continue?</SourceText>
	<TargetText>You are about to upload a new verison of the inlined HTML to this Addon. Do you want to continue?</TargetText>
	<Comment>com.fmi.calculation.text.You are about to upload a new verison of the inlined HTML to this Addon. Do you want to continue?</Comment>
</DynamicTemplateString>

<DynamicTemplateString>
	<StringID>com.fmi.calculation.text.4AD829AD8D8E39D6430D0FDAEFE733A6</StringID>
	<SourceText>SELECT </SourceText>
	<TargetText>SELECT </TargetText>
	<Comment>com.fmi.calculation.text.SELECT</Comment>
</DynamicTemplateString>

<DynamicTemplateString>
	<StringID>com.fmi.calculation.text.4B68129F6621C41900B27BF59AB8FD9B</StringID>
	<SourceText>id</SourceText>
	<TargetText>id</TargetText>
	<Comment>com.fmi.calculation.text.id</Comment>
</DynamicTemplateString>

<DynamicTemplateString>
	<StringID>com.fmi.calculation.text.4CF2FB389F86E455AE7532F3260FE7CE</StringID>
	<SourceText>objectType</SourceText>
	<TargetText>objectType</TargetText>
	<Comment>com.fmi.calculation.text.objectType</Comment>
</DynamicTemplateString>

<DynamicTemplateString>
	<StringID>com.fmi.calculation.text.4F7547D511D4027C7F8C079F08091F50</StringID>
	<SourceText>action</SourceText>
	<TargetText>action</TargetText>
	<Comment>com.fmi.calculation.text.action</Comment>
</DynamicTemplateString>

<DynamicTemplateString>
	<StringID>com.fmi.calculation.text.53D297EE8C3044197CA8B509548BF7D4</StringID>
	<SourceText>ShowConfig</SourceText>
	<TargetText>ShowConfig</TargetText>
	<Comment>com.fmi.calculation.text.ShowConfig</Comment>
</DynamicTemplateString>

<DynamicTemplateString>
	<StringID>com.fmi.calculation.text.5A55364ED150B9E5ABB1B5BDD17CBCBC</StringID>
	<SourceText>__FMAddonTemplateDirectives_en</SourceText>
	<TargetText>__FMAddonTemplateDirectives_en</TargetText>
	<Comment>com.fmi.calculation.text.__FMAddonTemplateDirectives_en</Comment>
</DynamicTemplateString>

<DynamicTemplateString>
	<StringID>com.fmi.calculation.text.5EB445F26C7A13A09AD9CF5343EB63E8</StringID>
	<SourceText>::</SourceText>
	<TargetText>::</TargetText>
	<Comment>com.fmi.calculation.text.::</Comment>
</DynamicTemplateString>

<DynamicTemplateString>
	<StringID>com.fmi.calculation.text.5EE839A06E2573944F7722E7BF5B32C2</StringID>
	<SourceText>LOGIC<CR/></SourceText>
	<TargetText>LOGIC<CR/></TargetText>
	<Comment>com.fmi.calculation.text.LOGIC_CR/_</Comment>
</DynamicTemplateString>

<DynamicTemplateString>
	<StringID>com.fmi.calculation.text.62CF50822723556FC2A5046F8269ADDE</StringID>
	<SourceText>The webViewer couldn&apos;t load.</SourceText>
	<TargetText>The webViewer couldn&apos;t load.</TargetText>
	<Comment>com.fmi.calculation.text.The webViewer couldn&apos;t load.</Comment>
</DynamicTemplateString>

<DynamicTemplateString>
	<StringID>com.fmi.calculation.text.6A7B41862A2D2B3A7FA07E37BA79E98F</StringID>
	<SourceText>rgb</SourceText>
	<TargetText>rgb</TargetText>
	<Comment>com.fmi.calculation.text.rgb</Comment>
</DynamicTemplateString>

<DynamicTemplateString>
	<StringID>com.fmi.calculation.text.6BA13CE2EB2E2C1E88641D656237CAC7</StringID>
	<SourceText>I am an initialProp</SourceText>
	<TargetText>I am an initialProp</TargetText>
	<Comment>com.fmi.calculation.text.I am an initialProp</Comment>
</DynamicTemplateString>

<DynamicTemplateString>
	<StringID>com.fmi.calculation.text.789FB55DD50EFE213355DD4C28776048</StringID>
	<SourceText>Meta.Config.ColorMode.value</SourceText>
	<TargetText>Meta.Config.ColorMode.value</TargetText>
	<Comment>com.fmi.calculation.text.Meta.Config.ColorMode.value</Comment>
</DynamicTemplateString>

<DynamicTemplateString>
	<StringID>com.fmi.calculation.text.7BE75417B5B2564E5008FB57E4FD9639</StringID>
	<SourceText>AddonUUID</SourceText>
	<TargetText>AddonUUID</TargetText>
	<Comment>com.fmi.calculation.text.AddonUUID</Comment>
</DynamicTemplateString>

<DynamicTemplateString>
	<StringID>com.fmi.calculation.text.7CA0375BB64F0DB87B317BD30DD1DF96</StringID>
	<SourceText>Meta</SourceText>
	<TargetText>Meta</TargetText>
	<Comment>com.fmi.calculation.text.Meta</Comment>
</DynamicTemplateString>

<DynamicTemplateString>
	<StringID>com.fmi.calculation.text.7D1170F121C1516C8A3CD44EDA38E8B3</StringID>
	<SourceText>[]</SourceText>
	<TargetText>[]</TargetText>
	<Comment>com.fmi.calculation.text.[]</Comment>
</DynamicTemplateString>

<DynamicTemplateString>
	<StringID>com.fmi.calculation.text.85510DAA3822C30FD692734EE1A69F95</StringID>
	<SourceText>Meta.System.Platform</SourceText>
	<TargetText>Meta.System.Platform</TargetText>
	<Comment>com.fmi.calculation.text.Meta.System.Platform</Comment>
</DynamicTemplateString>

<DynamicTemplateString>
	<StringID>com.fmi.calculation.text.86BAF4F06DC0FBDF76C735763ECEC7DE</StringID>
	<SourceText> if  we are in DEV MODE just return the Dev URL<CR/></SourceText>
	<TargetText> if  we are in DEV MODE just return the Dev URL<CR/></TargetText>
	<Comment>com.fmi.calculation.text. if  we are in DEV MODE just return the Dev URL_CR/_</Comment>
</DynamicTemplateString>

<DynamicTemplateString>
	<StringID>com.fmi.calculation.text.88C929A3C66861616AD3A529BF9BB7F9</StringID>
	<SourceText>\&quot;]</SourceText>
	<TargetText>\&quot;]</TargetText>
	<Comment>com.fmi.calculation.text.\&quot;]</Comment>
</DynamicTemplateString>

<DynamicTemplateString>
	<StringID>com.fmi.calculation.text.8BBC42FA95253B11DBF690F0876093A0</StringID>
	<SourceText>Developer Error: </SourceText>
	<TargetText>Developer Error: </TargetText>
	<Comment>com.fmi.calculation.text.Developer Error:</Comment>
</DynamicTemplateString>

<DynamicTemplateString>
	<StringID>com.fmi.calculation.text.8FEF9A8F74174A8670AB4C510BCC913D</StringID>
	<SourceText>The new version was uploaded and store in the Addon</SourceText>
	<TargetText>The new version was uploaded and store in the Addon</TargetText>
	<Comment>com.fmi.calculation.text.The new version was uploaded and store in the Addon</Comment>
</DynamicTemplateString>

<DynamicTemplateString>
	<StringID>com.fmi.calculation.text.92888813B9BBF2454691E3BD3E39EFE3</StringID>
	<SourceText>New version uploaded</SourceText>
	<TargetText>New version uploaded</TargetText>
	<Comment>com.fmi.calculation.text.New version uploaded</Comment>
</DynamicTemplateString>

<DynamicTemplateString>
	<StringID>com.fmi.calculation.text.935A24CD1B15E3390B0B005082F567D0</StringID>
	<SourceText> FROM </SourceText>
	<TargetText> FROM </TargetText>
	<Comment>com.fmi.calculation.text. FROM</Comment>
</DynamicTemplateString>

<DynamicTemplateString>
	<StringID>com.fmi.calculation.text.9363D16F7E82C5E16C3CB9745218612C</StringID>
	<SourceText>setNewMode</SourceText>
	<TargetText>setNewMode</TargetText>
	<Comment>com.fmi.calculation.text.setNewMode</Comment>
</DynamicTemplateString>

<DynamicTemplateString>
	<StringID>com.fmi.calculation.text.9680984F59FDF361D305D44B4CE146D8</StringID>
	<SourceText>Setup intial values<CR/></SourceText>
	<TargetText>Setup intial values<CR/></TargetText>
	<Comment>com.fmi.calculation.text.Setup intial values_CR/_</Comment>
</DynamicTemplateString>

<DynamicTemplateString>
	<StringID>com.fmi.calculation.text.997E2B8BA77C083E06F1412BDAE6BB3F</StringID>
	<SourceText>response.table</SourceText>
	<TargetText>response.table</TargetText>
	<Comment>com.fmi.calculation.text.response.table</Comment>
</DynamicTemplateString>

<DynamicTemplateString>
	<StringID>com.fmi.calculation.text.9D81669B7CA5720E14731D745C32BD4B</StringID>
	<SourceText>\&quot;,\&quot;</SourceText>
	<TargetText>\&quot;,\&quot;</TargetText>
	<Comment>com.fmi.calculation.text.\&quot;,\&quot;</Comment>
</DynamicTemplateString>

<DynamicTemplateString>
	<StringID>com.fmi.calculation.text.A0E75D1FE6A01DDB6D907B5B918055F1</StringID>
	<SourceText>? *</SourceText>
	<TargetText>? *</TargetText>
	<Comment>com.fmi.calculation.text.? *</Comment>
</DynamicTemplateString>

<DynamicTemplateString>
	<StringID>com.fmi.calculation.text.A1E0EA40229560F5EFF1AC5BD1011986</StringID>
	<SourceText>Meta.Application.Version</SourceText>
	<TargetText>Meta.Application.Version</TargetText>
	<Comment>com.fmi.calculation.text.Meta.Application.Version</Comment>
</DynamicTemplateString>

<DynamicTemplateString>
	<StringID>com.fmi.calculation.text.A238CF967B73E6BEB5601066DA31B25A</StringID>
	<SourceText>text</SourceText>
	<TargetText>text</TargetText>
	<Comment>com.fmi.calculation.text.text</Comment>
</DynamicTemplateString>

<DynamicTemplateString>
	<StringID>com.fmi.calculation.text.A415E91603FD6620A38B46878A96F141</StringID>
	<SourceText>ColorField.options</SourceText>
	<TargetText>ColorField.options</TargetText>
	<Comment>com.fmi.calculation.text.ColorField.options</Comment>
</DynamicTemplateString>

<DynamicTemplateString>
	<StringID>com.fmi.calculation.text.A67A7E6503B95D6F089DC62C0A70D10B</StringID>
	<SourceText>this forms the SQL statement protecting against name changes<CR/></SourceText>
	<TargetText>this forms the SQL statement protecting against name changes<CR/></TargetText>
	<Comment>com.fmi.calculation.text.this forms the SQL statement protecting against name changes_CR/_</Comment>
</DynamicTemplateString>

<DynamicTemplateString>
	<StringID>com.fmi.calculation.text.A8EC3F7E5DB92687357FB5D8F267299D</StringID>
	<SourceText>Uploading Inlined HTML</SourceText>
	<TargetText>Uploading Inlined HTML</TargetText>
	<Comment>com.fmi.calculation.text.Uploading Inlined HTML</Comment>
</DynamicTemplateString>

<DynamicTemplateString>
	<StringID>com.fmi.calculation.text.AA770C94EECA8E68F46089764D337101</StringID>
	<SourceText>Meta.Config.PrimaryKeyField.value</SourceText>
	<TargetText>Meta.Config.PrimaryKeyField.value</TargetText>
	<Comment>com.fmi.calculation.text.Meta.Config.PrimaryKeyField.value</Comment>
</DynamicTemplateString>

<DynamicTemplateString>
	<StringID>com.fmi.calculation.text.B0FF5FB12BBC97BAF49DC09388F82E04</StringID>
	<SourceText>data:text/html,</SourceText>
	<TargetText>data:text/html,</TargetText>
	<Comment>com.fmi.calculation.text.data:text/html,</Comment>
</DynamicTemplateString>

<DynamicTemplateString>
	<StringID>com.fmi.calculation.text.B4CAE39E63148E11B2396D6D956165F7</StringID>
	<SourceText>Config</SourceText>
	<TargetText>Config</TargetText>
	<Comment>com.fmi.calculation.text.Config</Comment>
</DynamicTemplateString>

<DynamicTemplateString>
	<StringID>com.fmi.calculation.text.B82F73573E75ADFB727A20AD8B8C5653</StringID>
	<SourceText>metaData</SourceText>
	<TargetText>metaData</TargetText>
	<Comment>com.fmi.calculation.text.metaData</Comment>
</DynamicTemplateString>

<DynamicTemplateString>
	<StringID>com.fmi.calculation.text.BC5A7704AB9A0F212F6A01EE351E970C</StringID>
	<SourceText>Meta.Callback</SourceText>
	<TargetText>Meta.Callback</TargetText>
	<Comment>com.fmi.calculation.text.Meta.Callback</Comment>
</DynamicTemplateString>

<DynamicTemplateString>
	<StringID>com.fmi.calculation.text.BEB06E2CA146960316DC9594614ABD97</StringID>
	<SourceText>time</SourceText>
	<TargetText>time</TargetText>
	<Comment>com.fmi.calculation.text.time</Comment>
</DynamicTemplateString>

<DynamicTemplateString>
	<StringID>com.fmi.calculation.text.C06289D6F01917E553EFCDDAC610CC00</StringID>
	<SourceText>Meta.System.Appearance</SourceText>
	<TargetText>Meta.System.Appearance</TargetText>
	<Comment>com.fmi.calculation.text.Meta.System.Appearance</Comment>
</DynamicTemplateString>

<DynamicTemplateString>
	<StringID>com.fmi.calculation.text.C9936FC0A67A32197647D4386132B30F</StringID>
	<SourceText>Data</SourceText>
	<TargetText>Data</TargetText>
	<Comment>com.fmi.calculation.text.Data</Comment>
</DynamicTemplateString>

<DynamicTemplateString>
	<StringID>com.fmi.calculation.text.CCF3C3B068C84781ED6D3975BC19FD00</StringID>
	<SourceText>web viewer</SourceText>
	<TargetText>web viewer</TargetText>
	<Comment>com.fmi.calculation.text.web viewer</Comment>
</DynamicTemplateString>

<DynamicTemplateString>
	<StringID>com.fmi.calculation.text.D1F3B89ECBA58AB4680BB3517B7E3FD9</StringID>
	<SourceText>Meta.Config.ColorField.value</SourceText>
	<TargetText>Meta.Config.ColorField.value</TargetText>
	<Comment>com.fmi.calculation.text.Meta.Config.ColorField.value</Comment>
</DynamicTemplateString>

<DynamicTemplateString>
	<StringID>com.fmi.calculation.text.D2DD7348B1F53BFF09C0622D09FAB755</StringID>
	<SourceText>FETCH FIRST 1 ROWS ONLY</SourceText>
	<TargetText>FETCH FIRST 1 ROWS ONLY</TargetText>
	<Comment>com.fmi.calculation.text.FETCH FIRST 1 ROWS ONLY</Comment>
</DynamicTemplateString>

<DynamicTemplateString>
	<StringID>com.fmi.calculation.text.D35B931E98E0308F6F48B058360E020B</StringID>
	<SourceText>number</SourceText>
	<TargetText>number</TargetText>
	<Comment>com.fmi.calculation.text.number</Comment>
</DynamicTemplateString>

<DynamicTemplateString>
	<StringID>com.fmi.calculation.text.D3DC4C6F52B2E1D540589CCD2CCAD9E3</StringID>
	<SourceText>[\&quot;</SourceText>
	<TargetText>[\&quot;</TargetText>
	<Comment>com.fmi.calculation.text.[\&quot;</Comment>
</DynamicTemplateString>

<DynamicTemplateString>
	<StringID>com.fmi.calculation.text.D5722FC782DE4CF06489007B2079E248</StringID>
	<SourceText>hex</SourceText>
	<TargetText>hex</TargetText>
	<Comment>com.fmi.calculation.text.hex</Comment>
</DynamicTemplateString>

<DynamicTemplateString>
	<StringID>com.fmi.calculation.text.D6182E754E91013BEAFE9FD55CF43AF3</StringID>
	<SourceText>container</SourceText>
	<TargetText>container</TargetText>
	<Comment>com.fmi.calculation.text.container</Comment>
</DynamicTemplateString>

<DynamicTemplateString>
	<StringID>com.fmi.calculation.text.D9FAFBC0E22E78651EB60DEE62B9295B</StringID>
	<SourceText> fetch the HTML and merge it<CR/></SourceText>
	<TargetText> fetch the HTML and merge it<CR/></TargetText>
	<Comment>com.fmi.calculation.text. fetch the HTML and merge it_CR/_</Comment>
</DynamicTemplateString>

<DynamicTemplateString>
	<StringID>com.fmi.calculation.text.DA3011F739EA5117A6ECA27AF5E5596A</StringID>
	<SourceText>Meta.UUID</SourceText>
	<TargetText>Meta.UUID</TargetText>
	<Comment>com.fmi.calculation.text.Meta.UUID</Comment>
</DynamicTemplateString>

<DynamicTemplateString>
	<StringID>com.fmi.calculation.text.DD1B9A42CD9611FBB37AB9584A5560CA</StringID>
	<SourceText>[Full Access]</SourceText>
	<TargetText>[Full Access]</TargetText>
	<Comment>com.fmi.calculation.text.[Full Access]</Comment>
</DynamicTemplateString>

<DynamicTemplateString>
	<StringID>com.fmi.calculation.text.DD7372C2DD208AF5674ED3F3DBCD5C33</StringID>
	<SourceText>Other.message</SourceText>
	<TargetText>Other.message</TargetText>
	<Comment>com.fmi.calculation.text.Other.message</Comment>
</DynamicTemplateString>

<DynamicTemplateString>
	<StringID>com.fmi.calculation.text.E27184606B0BDF12B354DCCFD723C526</StringID>
	<SourceText>loadInitialProps</SourceText>
	<TargetText>loadInitialProps</TargetText>
	<Comment>com.fmi.calculation.text.loadInitialProps</Comment>
</DynamicTemplateString>

<DynamicTemplateString>
	<StringID>com.fmi.calculation.text.EECE2E542B0CDCE586A27B7931BA8BF0</StringID>
	<SourceText>¶</SourceText>
	<TargetText>¶</TargetText>
	<Comment>com.fmi.calculation.text.¶</Comment>
</DynamicTemplateString>

<DynamicTemplateString>
	<StringID>com.fmi.calculation.text.F0A126D32CAFA995AAE5294295969D0A</StringID>
	<SourceText> FETCH FIRST 1 ROWS ONLY</SourceText>
	<TargetText> FETCH FIRST 1 ROWS ONLY</TargetText>
	<Comment>com.fmi.calculation.text. FETCH FIRST 1 ROWS ONLY</Comment>
</DynamicTemplateString>

<DynamicTemplateString>
	<StringID>com.fmi.calculation.text.F2DA83FD2265ACF22BAC2EB82FE6B88B</StringID>
	<SourceText>hsv</SourceText>
	<TargetText>hsv</TargetText>
	<Comment>com.fmi.calculation.text.hsv</Comment>
</DynamicTemplateString>

<DynamicTemplateString>
	<StringID>com.fmi.calculation.text.F41C43B0F2AA470E065559A383887E6A</StringID>
	<SourceText>ColorPickerWV_</SourceText>
	<TargetText>ColorPickerWV_</TargetText>
	<Comment>com.fmi.calculation.text.ColorPickerWV_</Comment>
</DynamicTemplateString>

<DynamicTemplateString>
	<StringID>com.fmi.calculation.text.F8CE95F5601F313A1593CDF0772DC545</StringID>
	<SourceText>EventType</SourceText>
	<TargetText>EventType</TargetText>
	<Comment>com.fmi.calculation.text.EventType</Comment>
</DynamicTemplateString>

<DynamicTemplateString>
	<StringID>com.fmi.calculation.text.FB33EB5A480190851221078256A6F34F</StringID>
	<SourceText>Save</SourceText>
	<TargetText>Save</TargetText>
	<Comment>com.fmi.calculation.text.Save</Comment>
</DynamicTemplateString>

<DynamicTemplateString>
	<StringID>com.fmi.calculation.text.FF2BB321D131B96EFB194C8FCA297329</StringID>
	<SourceText>DEV_UUID</SourceText>
	<TargetText>DEV_UUID</TargetText>
	<Comment>com.fmi.calculation.text.DEV_UUID</Comment>
</DynamicTemplateString>

<DynamicTemplateString>
	<StringID>com.fmi.layout.33E231D0111233783CD0415E04C76ED4</StringID>
	<SourceText>ColorPickerSampleData</SourceText>
	<TargetText>ColorPickerSampleData</TargetText>
	<Comment>com.fmi.layout.ColorPickerSampleData</Comment>
</DynamicTemplateString>

<DynamicTemplateString>
	<StringID>com.fmi.layout.9B72765D08AECF4D49CA330FA70146A2</StringID>
	<SourceText>ColorPicker Configurator</SourceText>
	<TargetText>ColorPicker Configurator</TargetText>
	<Comment>com.fmi.layout.ColorPicker Configurator</Comment>
</DynamicTemplateString>

<DynamicTemplateString>
	<StringID>com.fmi.layout.folder.097FC4DD127B8C1CFFDBAB09A8F473BA</StringID>
	<SourceText>ColorPicker</SourceText>
	<TargetText>ColorPicker</TargetText>
	<Comment>com.fmi.layout.folder.ColorPicker</Comment>
</DynamicTemplateString>

<DynamicTemplateString>
	<StringID>com.fmi.layoutobject.002FCC605D0B20B3988D6372B22BA31C</StringID>
	<SourceText>ColorPickerWV_[&lt;^FMXML_AddonInstanceUUID&gt;]</SourceText>
	<TargetText>ColorPickerWV_[&lt;^FMXML_AddonInstanceUUID&gt;]</TargetText>
	<Comment>com.fmi.layoutobject.ColorPickerWV_[&lt;^FMXML_AddonInstanceUUID&gt;]</Comment>
</DynamicTemplateString>

<DynamicTemplateString>
	<StringID>com.fmi.layoutobject.49064DEA866FAA61C27A407DB659B599</StringID>
	<SourceText>ColorPickerWV_Configurator</SourceText>
	<TargetText>ColorPickerWV_Configurator</TargetText>
	<Comment>com.fmi.layoutobject.ColorPickerWV_Configurator</Comment>
</DynamicTemplateString>

<DynamicTemplateString>
	<StringID>com.fmi.layoutobject.F383DA871AD640B69F5424AC225E4C32</StringID>
	<SourceText>ColorPickerGroup</SourceText>
	<TargetText>ColorPickerGroup</TargetText>
	<Comment>com.fmi.layoutobject.ColorPickerGroup</Comment>
</DynamicTemplateString>

<DynamicTemplateString>
	<StringID>com.fmi.layoutobject.text.2FDCF52D047B0838958F115A0EB7678F</StringID>
	<SourceText>anchored to expand</SourceText>
	<TargetText>anchored to expand</TargetText>
	<Comment>com.fmi.layoutobject.text.anchored to expand</Comment>
</DynamicTemplateString>

<DynamicTemplateString>
	<StringID>com.fmi.layoutobject.text.592C302E6D5E0A59046214781502EDBB</StringID>
	<SourceText>Name</SourceText>
	<TargetText>Name</TargetText>
	<Comment>com.fmi.layoutobject.text.Name</Comment>
</DynamicTemplateString>

<DynamicTemplateString>
	<StringID>com.fmi.layoutobject.text.76C4D1087E6796EF70CE7A2F1901C476</StringID>
	<SourceText>PrimaryKey</SourceText>
	<TargetText>PrimaryKey</TargetText>
	<Comment>com.fmi.layoutobject.text.PrimaryKey</Comment>
</DynamicTemplateString>

<DynamicTemplateString>
	<StringID>com.fmi.layoutobject.text.AC4CB6398567DD7D5EF8E7BB06DF94B9</StringID>
	<SourceText>Sample Data</SourceText>
	<TargetText>Sample Data</TargetText>
	<Comment>com.fmi.layoutobject.text.Sample Data</Comment>
</DynamicTemplateString>

<DynamicTemplateString>
	<StringID>com.fmi.layoutobject.text.CFF3A710558ED6469F42F809A8DD3BB6</StringID>
	<SourceText>Color Picker Configurator</SourceText>
	<TargetText>Configurador de selector de color</TargetText>
	<Comment>com.fmi.layoutobject.text.Color Picker Configurator</Comment>
</DynamicTemplateString>

<DynamicTemplateString>
	<StringID>com.fmi.layoutobject.text.EF0DEEEA51429C1D5E19B13851630DBC</StringID>
	<SourceText>Configurator</SourceText>
	<TargetText>Configurator</TargetText>
	<Comment>com.fmi.layoutobject.text.Configurator</Comment>
</DynamicTemplateString>

<DynamicTemplateString>
	<StringID>com.fmi.script.07FD9F3A0A22F56C404E23BC1CF08582</StringID>
	<SourceText>ColorPickerSaveConfig</SourceText>
	<TargetText>ColorPickerSaveConfig</TargetText>
	<Comment>com.fmi.script.ColorPickerSaveConfig</Comment>
</DynamicTemplateString>

<DynamicTemplateString>
	<StringID>com.fmi.script.25062DE50D1A18CD497BEED0537C23E9</StringID>
	<SourceText>ColorPicker Show Configurator</SourceText>
	<TargetText>ColorPicker Show Configurator</TargetText>
	<Comment>com.fmi.script.ColorPicker Show Configurator</Comment>
</DynamicTemplateString>

<DynamicTemplateString>
	<StringID>com.fmi.script.5580E7BD28500B13E7B4474837304D54</StringID>
	<SourceText>ColorPicker Import Sample Data</SourceText>
	<TargetText>ColorPicker Import Sample Data</TargetText>
	<Comment>com.fmi.script.ColorPicker Import Sample Data</Comment>
</DynamicTemplateString>

<DynamicTemplateString>
	<StringID>com.fmi.script.630C6226C587A93708C63F6506031568</StringID>
	<SourceText>ColorPickerSaveColor</SourceText>
	<TargetText>ColorPickerSaveColor</TargetText>
	<Comment>com.fmi.script.ColorPickerSaveColor</Comment>
</DynamicTemplateString>

<DynamicTemplateString>
	<StringID>com.fmi.script.A6F172FC71414DE92E3B67D3DE73B4CA</StringID>
	<SourceText>ColorPicker Update Color</SourceText>
	<TargetText>ColorPicker Update Color</TargetText>
	<Comment>com.fmi.script.ColorPicker Update Color</Comment>
</DynamicTemplateString>

<DynamicTemplateString>
	<StringID>com.fmi.script.B7EEA38F6F929811ACB3603AFAF8ECE1</StringID>
	<SourceText>ColorPicker Get WebViewer Object Name</SourceText>
	<TargetText>ColorPicker Get WebViewer Object Name</TargetText>
	<Comment>com.fmi.script.ColorPicker Get WebViewer Object Name</Comment>
</DynamicTemplateString>

<DynamicTemplateString>
	<StringID>com.fmi.script.CE546F337F18D6CA957A9875BF5D91B2</StringID>
	<SourceText>ColorPickerUpdateHTML</SourceText>
	<TargetText>ColorPickerUpdateHTML</TargetText>
	<Comment>com.fmi.script.ColorPickerUpdateHTML</Comment>
</DynamicTemplateString>

<DynamicTemplateString>
	<StringID>com.fmi.script.D52D3D731FE7096E676B7226101DFB40</StringID>
	<SourceText>ColorPicker Load Addon</SourceText>
	<TargetText>ColorPicker Load Addon</TargetText>
	<Comment>com.fmi.script.ColorPicker Load Addon</Comment>
</DynamicTemplateString>

<DynamicTemplateString>
	<StringID>com.fmi.script.DC55AF171917C16F617A47838C9FF026</StringID>
	<SourceText>ColorPickerSchema</SourceText>
	<TargetText>ColorPickerSchema</TargetText>
	<Comment>com.fmi.script.ColorPickerSchema</Comment>
</DynamicTemplateString>

<DynamicTemplateString>
	<StringID>com.fmi.script.E372C9A95644D9B837B3A01A7D7A638A</StringID>
	<SourceText>ColorPicker Clear Dev Flag</SourceText>
	<TargetText>ColorPicker Clear Dev Flag</TargetText>
	<Comment>com.fmi.script.ColorPicker Clear Dev Flag</Comment>
</DynamicTemplateString>

<DynamicTemplateString>
	<StringID>com.fmi.script.folder.0F431EC6CBECA882D481401463E8821E</StringID>
	<SourceText>ColorPicker Addon</SourceText>
	<TargetText>ColorPicker Addon</TargetText>
	<Comment>com.fmi.script.folder.ColorPicker Addon</Comment>
</DynamicTemplateString>

<DynamicTemplateString>
	<StringID>com.fmi.script.folder.19BC98762682CF3D4295ECB3A3E01AC4</StringID>
	<SourceText>ColorPicker Buttons</SourceText>
	<TargetText>ColorPicker Buttons</TargetText>
	<Comment>com.fmi.script.folder.ColorPicker Buttons</Comment>
</DynamicTemplateString>

<DynamicTemplateString>
	<StringID>com.fmi.script.folder.1A2C6D26788137AB869191CC406C462D</StringID>
	<SourceText>ColorPicker Event Handlers</SourceText>
	<TargetText>ColorPicker Event Handlers</TargetText>
	<Comment>com.fmi.script.folder.ColorPicker Event Handlers</Comment>
</DynamicTemplateString>

<DynamicTemplateString>
	<StringID>com.fmi.script.folder.6F855EAAF84F84683326EC0E36933262</StringID>
	<SourceText>ColorPicker Private</SourceText>
	<TargetText>ColorPicker Private</TargetText>
	<Comment>com.fmi.script.folder.ColorPicker Private</Comment>
</DynamicTemplateString>

<DynamicTemplateString>
	<StringID>com.fmi.script.folder.79A8825D0C18833267D2F53CE7B1E3F6</StringID>
	<SourceText>ColorPicker API</SourceText>
	<TargetText>ColorPicker API</TargetText>
	<Comment>com.fmi.script.folder.ColorPicker API</Comment>
</DynamicTemplateString>

<DynamicTemplateString>
	<StringID>com.fmi.script.folder.90F99B586F5BDFE466B50DAB442E7A1E</StringID>
	<SourceText>ColorPicker Public</SourceText>
	<TargetText>ColorPicker Public</TargetText>
	<Comment>com.fmi.script.folder.ColorPicker Public</Comment>
</DynamicTemplateString>

<DynamicTemplateString>
	<StringID>com.fmi.script.folder.EDBDC95785867B9C3F4E60FACF7A0103</StringID>
	<SourceText>ColorPicker Addon Developer Only</SourceText>
	<TargetText>ColorPicker Addon Developer Only</TargetText>
	<Comment>com.fmi.script.folder.ColorPicker Addon Developer Only</Comment>
</DynamicTemplateString>

<DynamicTemplateString>
	<StringID>com.fmi.scriptstep.text.070F5E593C1869E40731B554B0574AFA</StringID>
	<SourceText>Save the new Config</SourceText>
	<TargetText>Save the new Config</TargetText>
	<Comment>com.fmi.scriptstep.text.Save the new Config</Comment>
</DynamicTemplateString>

<DynamicTemplateString>
	<StringID>com.fmi.scriptstep.text.0A71A564D843DA57A88BB3495E18B033</StringID>
	<SourceText>Passing &quot;&quot; here will give me the configurators web viewer name</SourceText>
	<TargetText>Passing &quot;&quot; here will give me the configurators web viewer name</TargetText>
	<Comment>com.fmi.scriptstep.text.Passing &quot;&quot; here will give me the configurators web viewer name</Comment>
</DynamicTemplateString>

<DynamicTemplateString>
	<StringID>com.fmi.scriptstep.text.13ACC49CF70035C5B4A5EAA7FF513DF9</StringID>
	<SourceText>if not, set field to selected layout with current primary ID</SourceText>
	<TargetText>if not, set field to selected layout with current primary ID</TargetText>
	<Comment>com.fmi.scriptstep.text.if not, set field to selected layout with current primary ID</Comment>
</DynamicTemplateString>

<DynamicTemplateString>
	<StringID>com.fmi.scriptstep.text.147E383E1FD2DF44F769C09740DA5EEB</StringID>
	<SourceText>## LAYOUT FIELD SCAN. ========</SourceText>
	<TargetText>## LAYOUT FIELD SCAN. ========</TargetText>
	<Comment>com.fmi.scriptstep.text.## LAYOUT FIELD SCAN. ========</Comment>
</DynamicTemplateString>

<DynamicTemplateString>
	<StringID>com.fmi.scriptstep.text.148D805AAFAEB0F0245FCC17BEF9432B</StringID>
	<SourceText> Shows the record as a Card Window</SourceText>
	<TargetText> Shows the record as a Card Window</TargetText>
	<Comment>com.fmi.scriptstep.text. Shows the record as a Card Window</Comment>
</DynamicTemplateString>

<DynamicTemplateString>
	<StringID>com.fmi.scriptstep.text.1C50441C8EFC828DEBA7255DD0D56E97</StringID>
	<SourceText>get the webviewer widget name</SourceText>
	<TargetText>get the webviewer widget name</TargetText>
	<Comment>com.fmi.scriptstep.text.get the webviewer widget name</Comment>
</DynamicTemplateString>

<DynamicTemplateString>
	<StringID>com.fmi.scriptstep.text.2671C4495CAC6CFB70DA502B234FB208</StringID>
	<SourceText>This is becuase the DATA represents the latest config</SourceText>
	<TargetText>This is becuase the DATA represents the latest config</TargetText>
	<Comment>com.fmi.scriptstep.text.This is becuase the DATA represents the latest config</Comment>
</DynamicTemplateString>

<DynamicTemplateString>
	<StringID>com.fmi.scriptstep.text.2C3B39E910A556BA5333ABCD8D589395</StringID>
	<SourceText>Put the url to your development server.</SourceText>
	<TargetText>Put the url to your development server.</TargetText>
	<Comment>com.fmi.scriptstep.text.Put the url to your development server.</Comment>
</DynamicTemplateString>

<DynamicTemplateString>
	<StringID>com.fmi.scriptstep.text.33FAC4F650C487E37E92D1BF920FDD1A</StringID>
	<SourceText> Scans the database for useful meta data for configuration</SourceText>
	<TargetText> Scans the database for useful meta data for configuration</TargetText>
	<Comment>com.fmi.scriptstep.text. Scans the database for useful meta data for configuration</Comment>
</DynamicTemplateString>

<DynamicTemplateString>
	<StringID>com.fmi.scriptstep.text.3605F9DF8002C44833DC28A71FD12D7F</StringID>
	<SourceText> @param {object} json the data coming from the script parameter</SourceText>
	<TargetText> @param {object} json the data coming from the script parameter</TargetText>
	<Comment>com.fmi.scriptstep.text. @param {object} json the data coming from the script parameter</Comment>
</DynamicTemplateString>

<DynamicTemplateString>
	<StringID>com.fmi.scriptstep.text.3670B56080A90556905BF613B813BDA3</StringID>
	<SourceText> @param {string} json.meta.FetchId a string that uniquely identifies this specific call</SourceText>
	<TargetText> @param {string} json.meta.FetchId a string that uniquely identifies this specific call</TargetText>
	<Comment>com.fmi.scriptstep.text. @param {string} json.meta.FetchId a string that uniquely identifies this specific call</Comment>
</DynamicTemplateString>

<DynamicTemplateString>
	<StringID>com.fmi.scriptstep.text.38507AF0ECBD0BDEC0E49205719EA1FC</StringID>
	<SourceText>Use by development only</SourceText>
	<TargetText>Use by development only</TargetText>
	<Comment>com.fmi.scriptstep.text.Use by development only</Comment>
</DynamicTemplateString>

<DynamicTemplateString>
	<StringID>com.fmi.scriptstep.text.3A36B5D731E83C6444133051E0700775</StringID>
	<SourceText> @param {string} json.Meta.Callback the callback function to call back to the widget</SourceText>
	<TargetText> @param {string} json.Meta.Callback the callback function to call back to the widget</TargetText>
	<Comment>com.fmi.scriptstep.text. @param {string} json.Meta.Callback the callback function to call back to the widget</Comment>
</DynamicTemplateString>

<DynamicTemplateString>
	<StringID>com.fmi.scriptstep.text.3BD4190BC8AC1C90C6B9F9F124EECD60</StringID>
	<SourceText>build intial props this calc should mirror what is in the WebViewer Widget Calc</SourceText>
	<TargetText>build intial props this calc should mirror what is in the WebViewer Widget Calc</TargetText>
	<Comment>com.fmi.scriptstep.text.build intial props this calc should mirror what is in the WebViewer Widget Calc</Comment>
</DynamicTemplateString>

<DynamicTemplateString>
	<StringID>com.fmi.scriptstep.text.3D43D095B6DBB2074FD200CC00EA2449</StringID>
	<SourceText>/##</SourceText>
	<TargetText>/##</TargetText>
	<Comment>com.fmi.scriptstep.text./##</Comment>
</DynamicTemplateString>

<DynamicTemplateString>
	<StringID>com.fmi.scriptstep.text.45337D422069B0622E4C4092FB63B702</StringID>
	<SourceText>Now we build up the URL, and pass it to the web viewer</SourceText>
	<TargetText>Now we build up the URL, and pass it to the web viewer</TargetText>
	<Comment>com.fmi.scriptstep.text.Now we build up the URL, and pass it to the web viewer</Comment>
</DynamicTemplateString>

<DynamicTemplateString>
	<StringID>com.fmi.scriptstep.text.476AEADAB7F933A3C99F9894284BF631</StringID>
	<SourceText> @param {object} json.Meta.AddonUUID the unique ID for this Addon Instance</SourceText>
	<TargetText> @param {object} json.Meta.AddonUUID the unique ID for this Addon Instance</TargetText>
	<Comment>com.fmi.scriptstep.text. @param {object} json.Meta.AddonUUID the unique ID for this Addon Instance</Comment>
</DynamicTemplateString>

<DynamicTemplateString>
	<StringID>com.fmi.scriptstep.text.49D228E5FFE59B4C9F584D505FD954F4</StringID>
	<SourceText>Load the Widget</SourceText>
	<TargetText>Load the Widget</TargetText>
	<Comment>com.fmi.scriptstep.text.Load the Widget</Comment>
</DynamicTemplateString>

<DynamicTemplateString>
	<StringID>com.fmi.scriptstep.text.500442E9444E1120FEE7731736BE3FAA</StringID>
	<SourceText>Opening the Card Window.  You will need a pause of .1 second after this step</SourceText>
	<TargetText>Opening the Card Window.  You will need a pause of .1 second after this step</TargetText>
	<Comment>com.fmi.scriptstep.text.Opening the Card Window.  You will need a pause of .1 second after this step</Comment>
</DynamicTemplateString>

<DynamicTemplateString>
	<StringID>com.fmi.scriptstep.text.52A3F00BE174A1E42881F766F17484B3</StringID>
	<SourceText>if there is a problem do not destroy other configs</SourceText>
	<TargetText>if there is a problem do not destroy other configs</TargetText>
	<Comment>com.fmi.scriptstep.text.if there is a problem do not destroy other configs</Comment>
</DynamicTemplateString>

<DynamicTemplateString>
	<StringID>com.fmi.scriptstep.text.587042A831C5033950E55D5FA31EBC31</StringID>
	<SourceText>Combining the two types for Primary Key /ID</SourceText>
	<TargetText>Combining the two types for Primary Key /ID</TargetText>
	<Comment>com.fmi.scriptstep.text.Combining the two types for Primary Key /ID</Comment>
</DynamicTemplateString>

<DynamicTemplateString>
	<StringID>com.fmi.scriptstep.text.590A0A8EB9E3C9C9E52ECEEE4069A42C</StringID>
	<SourceText>passing empty &quot;&quot;, gives us the name of the Configurator webviewer</SourceText>
	<TargetText>passing empty &quot;&quot;, gives us the name of the Configurator webviewer</TargetText>
	<Comment>com.fmi.scriptstep.text.passing empty &quot;&quot;, gives us the name of the Configurator webviewer</Comment>
</DynamicTemplateString>

<DynamicTemplateString>
	<StringID>com.fmi.scriptstep.text.695A0811DECCB4A7683CEF7C9481BE9C</StringID>
	<SourceText>  !!!!!!   DO NOT CHANGE THE NAME OF THIS SCIRPT    !!!!!!</SourceText>
	<TargetText>  !!!!!!   DO NOT CHANGE THE NAME OF THIS SCIRPT    !!!!!!</TargetText>
	<Comment>com.fmi.scriptstep.text.  !!!!!!   DO NOT CHANGE THE NAME OF THIS SCIRPT    !!!!!!</Comment>
</DynamicTemplateString>

<DynamicTemplateString>
	<StringID>com.fmi.scriptstep.text.6F21F76C5066E97579CFF5B1011EE197</StringID>
	<SourceText>On web direct we need to reset the original widget to get it to recognize the new config</SourceText>
	<TargetText>On web direct we need to reset the original widget to get it to recognize the new config</TargetText>
	<Comment>com.fmi.scriptstep.text.On web direct we need to reset the original widget to get it to recognize the new config</Comment>
</DynamicTemplateString>

<DynamicTemplateString>
	<StringID>com.fmi.scriptstep.text.6FF04700EE539576C5B68ACDE518392B</StringID>
	<SourceText> @param {string} json.Data the data that got sent</SourceText>
	<TargetText> @param {string} json.Data the data that got sent</TargetText>
	<Comment>com.fmi.scriptstep.text. @param {string} json.Data the data that got sent</Comment>
</DynamicTemplateString>

<DynamicTemplateString>
	<StringID>com.fmi.scriptstep.text.704B8A1FA9214A3D68A841039A88A371</StringID>
	<SourceText> @param {object} json.Meta</SourceText>
	<TargetText> @param {object} json.Meta</TargetText>
	<Comment>com.fmi.scriptstep.text. @param {object} json.Meta</Comment>
</DynamicTemplateString>

<DynamicTemplateString>
	<StringID>com.fmi.scriptstep.text.712EAB833D6C28281E60A2DF98BE8A0C</StringID>
	<SourceText> This scripts job is to calculate the WebViewer Name that is used to target the JavaScript calls</SourceText>
	<TargetText> This scripts job is to calculate the WebViewer Name that is used to target the JavaScript calls</TargetText>
	<Comment>com.fmi.scriptstep.text. This scripts job is to calculate the WebViewer Name that is used to target the JavaScript calls</Comment>
</DynamicTemplateString>

<DynamicTemplateString>
	<StringID>com.fmi.scriptstep.text.7217A56B4B129E579F31D963CC3F0F22</StringID>
	<SourceText>get the config from the store</SourceText>
	<TargetText>get the config from the store</TargetText>
	<Comment>com.fmi.scriptstep.text.get the config from the store</Comment>
</DynamicTemplateString>

<DynamicTemplateString>
	<StringID>com.fmi.scriptstep.text.730CFDB051286DD8DE8960EB081A342B</StringID>
	<SourceText>If it is on same layout, set field directly.</SourceText>
	<TargetText>If it is on same layout, set field directly.</TargetText>
	<Comment>com.fmi.scriptstep.text.If it is on same layout, set field directly.</Comment>
</DynamicTemplateString>

<DynamicTemplateString>
	<StringID>com.fmi.scriptstep.text.75CE610FB8D445D30585346D73939424</StringID>
	<SourceText> We&apos;ll need this data for scanning fields</SourceText>
	<TargetText> We&apos;ll need this data for scanning fields</TargetText>
	<Comment>com.fmi.scriptstep.text. We&apos;ll need this data for scanning fields</Comment>
</DynamicTemplateString>

<DynamicTemplateString>
	<StringID>com.fmi.scriptstep.text.769C35728C955740A8D73D64D01607A7</StringID>
	<SourceText>Custom Options for this widget</SourceText>
	<TargetText>Custom Options for this widget</TargetText>
	<Comment>com.fmi.scriptstep.text.Custom Options for this widget</Comment>
</DynamicTemplateString>

<DynamicTemplateString>
	<StringID>com.fmi.scriptstep.text.80A34F0E3A07D52BE85688A6FF73CF9C</StringID>
	<SourceText>the name of the web viewer widget</SourceText>
	<TargetText>the name of the web viewer widget</TargetText>
	<Comment>com.fmi.scriptstep.text.the name of the web viewer widget</Comment>
</DynamicTemplateString>

<DynamicTemplateString>
	<StringID>com.fmi.scriptstep.text.85234794ECDB204BEE3FB40BE02797BD</StringID>
	<SourceText>Since we can&apos;t merge here, we&apos;ll need to call load intial props via the function</SourceText>
	<TargetText>Since we can&apos;t merge here, we&apos;ll need to call load intial props via the function</TargetText>
	<Comment>com.fmi.scriptstep.text.Since we can&apos;t merge here, we&apos;ll need to call load intial props via the function</Comment>
</DynamicTemplateString>

<DynamicTemplateString>
	<StringID>com.fmi.scriptstep.text.8A818E79E4A147081ED2B1509214A60C</StringID>
	<SourceText> It is never used by the user&apos;s of an application using this addon</SourceText>
	<TargetText> It is never used by the user&apos;s of an application using this addon</TargetText>
	<Comment>com.fmi.scriptstep.text. It is never used by the user&apos;s of an application using this addon</Comment>
</DynamicTemplateString>

<DynamicTemplateString>
	<StringID>com.fmi.scriptstep.text.8AD8CDF1849484FBE56F2E9C3BC99F92</StringID>
	<SourceText> @param {string} json.data the data that got sent</SourceText>
	<TargetText> @param {string} json.data the data that got sent</TargetText>
	<Comment>com.fmi.scriptstep.text. @param {string} json.data the data that got sent</Comment>
</DynamicTemplateString>

<DynamicTemplateString>
	<StringID>com.fmi.scriptstep.text.8C34ADE9F8591DDCCA649ED5C9EEE562</StringID>
	<SourceText> This script is only used when developing the Addon</SourceText>
	<TargetText> This script is only used when developing the Addon</TargetText>
	<Comment>com.fmi.scriptstep.text. This script is only used when developing the Addon</Comment>
</DynamicTemplateString>

<DynamicTemplateString>
	<StringID>com.fmi.scriptstep.text.906B7912BBE87D2F835BC8669ECA50CB</StringID>
	<SourceText> @param {string} json.AddonUUID - the unique ID of this instance of the Addon.</SourceText>
	<TargetText> @param {string} json.AddonUUID - the unique ID of this instance of the Addon.</TargetText>
	<Comment>com.fmi.scriptstep.text. @param {string} json.AddonUUID - the unique ID of this instance of the Addon.</Comment>
</DynamicTemplateString>

<DynamicTemplateString>
	<StringID>com.fmi.scriptstep.text.9C1A4A9EE416CC4C4045D18C5EA07EF5</StringID>
	<SourceText> Shows the Configurator for the widget</SourceText>
	<TargetText> Shows the Configurator for the widget</TargetText>
	<Comment>com.fmi.scriptstep.text. Shows the Configurator for the widget</Comment>
</DynamicTemplateString>

<DynamicTemplateString>
	<StringID>com.fmi.scriptstep.text.A18D8AFFDD30160D68CEFB6C1D308180</StringID>
	<SourceText> @param {object} json</SourceText>
	<TargetText> @param {object} json</TargetText>
	<Comment>com.fmi.scriptstep.text. @param {object} json</Comment>
</DynamicTemplateString>

<DynamicTemplateString>
	<StringID>com.fmi.scriptstep.text.A267F11509A3749608681FAF4BB8BFC8</StringID>
	<SourceText>Update the color model</SourceText>
	<TargetText>Update the color model</TargetText>
	<Comment>com.fmi.scriptstep.text.Update the color model</Comment>
</DynamicTemplateString>

<DynamicTemplateString>
	<StringID>com.fmi.scriptstep.text.A486D3064D260A12455BFEEA6BBCA949</StringID>
	<SourceText> #/</SourceText>
	<TargetText> #/</TargetText>
	<Comment>com.fmi.scriptstep.text. #/</Comment>
</DynamicTemplateString>

<DynamicTemplateString>
	<StringID>com.fmi.scriptstep.text.A6961032E52D45C72472C6C9D1295090</StringID>
	<SourceText>Pass the configuration data to update mode</SourceText>
	<TargetText>Pass the configuration data to update mode</TargetText>
	<Comment>com.fmi.scriptstep.text.Pass the configuration data to update mode</Comment>
</DynamicTemplateString>

<DynamicTemplateString>
	<StringID>com.fmi.scriptstep.text.A732DA0D5DD65F01825F66C63222161B</StringID>
	<SourceText> #uploads the html code into the right location</SourceText>
	<TargetText> #uploads the html code into the right location</TargetText>
	<Comment>com.fmi.scriptstep.text. #uploads the html code into the right location</Comment>
</DynamicTemplateString>

<DynamicTemplateString>
	<StringID>com.fmi.scriptstep.text.A8190C717E8C1C1222F64169D933B4F4</StringID>
	<SourceText> @param {text} AddonUUID the unqiue Id of the webviewer to target</SourceText>
	<TargetText> @param {text} AddonUUID the unqiue Id of the webviewer to target</TargetText>
	<Comment>com.fmi.scriptstep.text. @param {text} AddonUUID the unqiue Id of the webviewer to target</Comment>
</DynamicTemplateString>

<DynamicTemplateString>
	<StringID>com.fmi.scriptstep.text.AA8895991DF504754A714385CCD0559F</StringID>
	<SourceText>#add options to Config</SourceText>
	<TargetText>#add options to Config</TargetText>
	<Comment>com.fmi.scriptstep.text.#add options to Config</Comment>
</DynamicTemplateString>

<DynamicTemplateString>
	<StringID>com.fmi.scriptstep.text.AB9093B9102402EE4D04C24E4B4E5ACB</StringID>
	<SourceText> @param {object} json.Meta.Config the Config object passed into the widget on boot</SourceText>
	<TargetText> @param {object} json.Meta.Config the Config object passed into the widget on boot</TargetText>
	<Comment>com.fmi.scriptstep.text. @param {object} json.Meta.Config the Config object passed into the widget on boot</Comment>
</DynamicTemplateString>

<DynamicTemplateString>
	<StringID>com.fmi.scriptstep.text.AC2D29D7BFB319B06A33800BDA00B6E5</StringID>
	<SourceText> @param {object} json.Meta.Config</SourceText>
	<TargetText> @param {object} json.Meta.Config</TargetText>
	<Comment>com.fmi.scriptstep.text. @param {object} json.Meta.Config</Comment>
</DynamicTemplateString>

<DynamicTemplateString>
	<StringID>com.fmi.scriptstep.text.AC876FAA08CD393875CE31DD036C470A</StringID>
	<SourceText>CLEAR CACHE - We navigate to an emmpty web page here to clear the WebViewer cache, then we pause, then we close the window.</SourceText>
	<TargetText>CLEAR CACHE - We navigate to an emmpty web page here to clear the WebViewer cache, then we pause, then we close the window.</TargetText>
	<Comment>com.fmi.scriptstep.text.CLEAR CACHE - We navigate to an emmpty web page here to clear the WebViewer cache, then we pause, then we close the window.</Comment>
</DynamicTemplateString>

<DynamicTemplateString>
	<StringID>com.fmi.scriptstep.text.B1FFB73C82F012AA8AB2E5E4087B04B1</StringID>
	<SourceText>if there is no AddonUUID passed in this will find all the Editor WebViewers on the layout</SourceText>
	<TargetText>if there is no AddonUUID passed in this will find all the Editor WebViewers on the layout</TargetText>
	<Comment>com.fmi.scriptstep.text.if there is no AddonUUID passed in this will find all the Editor WebViewers on the layout</Comment>
</DynamicTemplateString>

<DynamicTemplateString>
	<StringID>com.fmi.scriptstep.text.B875B9DFC3CBE8383CEBEE265CF1A5FC</StringID>
	<SourceText> @param {string} json.Meta.EventType</SourceText>
	<TargetText> @param {string} json.Meta.EventType</TargetText>
	<Comment>com.fmi.scriptstep.text. @param {string} json.Meta.EventType</Comment>
</DynamicTemplateString>

<DynamicTemplateString>
	<StringID>com.fmi.scriptstep.text.BE6F361C8A9D45283863F5D5D7283D73</StringID>
	<SourceText> @param {object} json the payload coming from the widget</SourceText>
	<TargetText> @param {object} json the payload coming from the widget</TargetText>
	<Comment>com.fmi.scriptstep.text. @param {object} json the payload coming from the widget</Comment>
</DynamicTemplateString>

<DynamicTemplateString>
	<StringID>com.fmi.scriptstep.text.C1DD4E4A6765D8732CA9926F07B8D545</StringID>
	<SourceText> @param {object} json.Data the data sent to the script</SourceText>
	<TargetText> @param {object} json.Data the data sent to the script</TargetText>
	<Comment>com.fmi.scriptstep.text. @param {object} json.Data the data sent to the script</Comment>
</DynamicTemplateString>

<DynamicTemplateString>
	<StringID>com.fmi.scriptstep.text.C3ECA08FE51D1E8959DC53423B18F36A</StringID>
	<SourceText>This part is only ever run by the developer of the Addon. You can safely ignore it.</SourceText>
	<TargetText>This part is only ever run by the developer of the Addon. You can safely ignore it.</TargetText>
	<Comment>com.fmi.scriptstep.text.This part is only ever run by the developer of the Addon. You can safely ignore it.</Comment>
</DynamicTemplateString>

<DynamicTemplateString>
	<StringID>com.fmi.scriptstep.text.CFA864D75AD774667E563744CDAB6AA4</StringID>
	<SourceText> @param {string} json.meta.Callback the callback function to call back to the widget</SourceText>
	<TargetText> @param {string} json.meta.Callback the callback function to call back to the widget</TargetText>
	<Comment>com.fmi.scriptstep.text. @param {string} json.meta.Callback the callback function to call back to the widget</Comment>
</DynamicTemplateString>

<DynamicTemplateString>
	<StringID>com.fmi.scriptstep.text.D13014675DFC35477384592FD97832E0</StringID>
	<SourceText>#/</SourceText>
	<TargetText>#/</TargetText>
	<Comment>com.fmi.scriptstep.text.#/</Comment>
</DynamicTemplateString>

<DynamicTemplateString>
	<StringID>com.fmi.scriptstep.text.D162D872D5EC24E7E91AA9CA28CBD934</StringID>
	<SourceText>## LAYOUT FIELD SCAN. ======== not going to. same for all widgets</SourceText>
	<TargetText>## LAYOUT FIELD SCAN. ======== not going to. same for all widgets</TargetText>
	<Comment>com.fmi.scriptstep.text.## LAYOUT FIELD SCAN. ======== not going to. same for all widgets</Comment>
</DynamicTemplateString>

<DynamicTemplateString>
	<StringID>com.fmi.scriptstep.text.D6F60CC1BA1825C11DB168D92314E083</StringID>
	<SourceText> Stores the configuration</SourceText>
	<TargetText> Stores the configuration</TargetText>
	<Comment>com.fmi.scriptstep.text. Stores the configuration</Comment>
</DynamicTemplateString>

<DynamicTemplateString>
	<StringID>com.fmi.scriptstep.text.E0AB7BF5BD2DC90E8EB02F5C31AC1BF0</StringID>
	<SourceText> @param {string} json.Meta.AddonUUID</SourceText>
	<TargetText> @param {string} json.Meta.AddonUUID</TargetText>
	<Comment>com.fmi.scriptstep.text. @param {string} json.Meta.AddonUUID</Comment>
</DynamicTemplateString>

<DynamicTemplateString>
	<StringID>com.fmi.scriptstep.text.E0D98CFF2A77C50C22313DBF856143B9</StringID>
	<SourceText>change for a new Addon</SourceText>
	<TargetText>change for a new Addon</TargetText>
	<Comment>com.fmi.scriptstep.text.change for a new Addon</Comment>
</DynamicTemplateString>

<DynamicTemplateString>
	<StringID>com.fmi.scriptstep.text.E30C8C93339F6D7E0AF87AE742E28925</StringID>
	<SourceText>set color mode</SourceText>
	<TargetText>set color mode</TargetText>
	<Comment>com.fmi.scriptstep.text.set color mode</Comment>
</DynamicTemplateString>

<DynamicTemplateString>
	<StringID>com.fmi.scriptstep.text.ED638AC3C40A705A1198AB1748804212</StringID>
	<SourceText> @param {string} json.Meta.FetchId a string that uniquely identifies this specific call</SourceText>
	<TargetText> @param {string} json.Meta.FetchId a string that uniquely identifies this specific call</TargetText>
	<Comment>com.fmi.scriptstep.text. @param {string} json.Meta.FetchId a string that uniquely identifies this specific call</Comment>
</DynamicTemplateString>

<DynamicTemplateString>
	<StringID>com.fmi.tableoccurrence.097FC4DD127B8C1CFFDBAB09A8F473BA</StringID>
	<SourceText>ColorPicker</SourceText>
	<TargetText>ColorPicker</TargetText>
	<Comment>com.fmi.tableoccurrence.ColorPicker</Comment>
</DynamicTemplateString>

<DynamicTemplateString>
	<StringID>com.fmi.tableoccurrence.33E231D0111233783CD0415E04C76ED4</StringID>
	<SourceText>ColorPickerSampleData</SourceText>
	<TargetText>ColorPickerSampleData</TargetText>
	<Comment>com.fmi.tableoccurrence.ColorPickerSampleData</Comment>
</DynamicTemplateString>

<DynamicTemplateString>
	<StringID>com.fmi.tableoccurrence.field.ColorPicker::255E5CDF922BD8EF4F8C0698BA86CB5A</StringID>
	<SourceText>OriginalTable</SourceText>
	<TargetText>OriginalTable</TargetText>
	<Comment>com.fmi.tableoccurrence.field.ColorPicker::OriginalTable</Comment>
</DynamicTemplateString>

<DynamicTemplateString>
	<StringID>com.fmi.tableoccurrence.field.ColorPicker::38417AAC8BC85C426558AEAE0D4EF807</StringID>
	<SourceText>ColorPicker::HTML</SourceText>
	<TargetText>ColorPicker::HTML</TargetText>
	<Comment>com.fmi.tableoccurrence.field.ColorPicker::ColorPicker::HTML</Comment>
</DynamicTemplateString>

<DynamicTemplateString>
	<StringID>com.fmi.tableoccurrence.field.ColorPicker::52CC9BEE09B67236DDFEEE8DDD62BBB4</StringID>
	<SourceText>ConfigStore</SourceText>
	<TargetText>ConfigStore</TargetText>
	<Comment>com.fmi.tableoccurrence.field.ColorPicker::ConfigStore</Comment>
</DynamicTemplateString>

<DynamicTemplateString>
	<StringID>com.fmi.tableoccurrence.field.ColorPicker::B2E021F72CEAE46F5CC3ACB1B5F78517</StringID>
	<SourceText>ColorPicker::CurrentAddonUUID</SourceText>
	<TargetText>ColorPicker::CurrentAddonUUID</TargetText>
	<Comment>com.fmi.tableoccurrence.field.ColorPicker::ColorPicker::CurrentAddonUUID</Comment>
</DynamicTemplateString>

<DynamicTemplateString>
	<StringID>com.fmi.tableoccurrence.field.ColorPicker::B95E8CCBA80A566434C0DC97F6975AB1</StringID>
	<SourceText>OriginalLayout</SourceText>
	<TargetText>OriginalLayout</TargetText>
	<Comment>com.fmi.tableoccurrence.field.ColorPicker::OriginalLayout</Comment>
</DynamicTemplateString>

<DynamicTemplateString>
	<StringID>com.fmi.tableoccurrence.field.ColorPicker::BC3991FD82F140516061233D5E9FE65A</StringID>
	<SourceText>ColorPicker::ConfigStore</SourceText>
	<TargetText>ColorPicker::ConfigStore</TargetText>
	<Comment>com.fmi.tableoccurrence.field.ColorPicker::ColorPicker::ConfigStore</Comment>
</DynamicTemplateString>

<DynamicTemplateString>
	<StringID>com.fmi.tableoccurrence.field.ColorPicker::BFF0409D432F08090779386BC56FE6BD</StringID>
	<SourceText>CurrentAddonUUID</SourceText>
	<TargetText>CurrentAddonUUID</TargetText>
	<Comment>com.fmi.tableoccurrence.field.ColorPicker::CurrentAddonUUID</Comment>
</DynamicTemplateString>

<DynamicTemplateString>
	<StringID>com.fmi.tableoccurrence.field.ColorPicker::CEF66026AC6A040A2A2F2DCC712C456B</StringID>
	<SourceText>HTML</SourceText>
	<TargetText>HTML</TargetText>
	<Comment>com.fmi.tableoccurrence.field.ColorPicker::HTML</Comment>
</DynamicTemplateString>

<DynamicTemplateString>
	<StringID>com.fmi.tableoccurrence.field.ColorPickerSampleData::592C302E6D5E0A59046214781502EDBB</StringID>
	<SourceText>Name</SourceText>
	<TargetText>Name</TargetText>
	<Comment>com.fmi.tableoccurrence.field.ColorPickerSampleData::Name</Comment>
</DynamicTemplateString>

<DynamicTemplateString>
	<StringID>com.fmi.tableoccurrence.field.ColorPickerSampleData::76C4D1087E6796EF70CE7A2F1901C476</StringID>
	<SourceText>PrimaryKey</SourceText>
	<TargetText>PrimaryKey</TargetText>
	<Comment>com.fmi.tableoccurrence.field.ColorPickerSampleData::PrimaryKey</Comment>
</DynamicTemplateString>

<DynamicTemplateString>
	<StringID>com.fmi.valuelist.20C5194E7E113FEA9D985F5473610003</StringID>
	<SourceText>ColorMode</SourceText>
	<TargetText>ColorMode</TargetText>
	<Comment>com.fmi.valuelist.ColorMode</Comment>
</DynamicTemplateString>

<DynamicTemplateString>
	<StringID>com.fmi.valuelist.text.BDB98A42F54670C742115D8476815ACF</StringID>
	<SourceText>hex<CR/>hsl<CR/>hsv<CR/>rgb</SourceText>
	<TargetText>hex<CR/>hsl<CR/>hsv<CR/>rgb</TargetText>
	<Comment>com.fmi.valuelist.text.hex_CR/_hsl_CR/_hsv_CR/_rgb</Comment>
</DynamicTemplateString>
